Fold,Accuracy
1,0.62121
2,0.76515
3,0.89394
4,0.80303
5,0.60606
Mean +/- Std,0.73788 +/- 0.10985
