Fold,Accuracy
1,0.64615
2,0.73077
3,0.81538
4,0.81538
5,0.70769
Mean +/- Std,0.74308 +/- 0.06520
