Fold,Accuracy
1,0.63846
2,0.83846
3,0.72308
4,0.8
5,0.67692
Mean +/- Std,0.73538 +/- 0.07452
