Fold,Accuracy
1,0.67692
2,0.75385
3,0.78462
4,0.79231
5,0.68462
Mean +/- Std,0.73846 +/- 0.04889
